CompanyName,ProjectType,LoanType,Address,City,State,ZIP_Code,Latitude,Longitude,CityCouncilDistrict,CityCouncilSuperDistrict,CountyCommissionDistrict,Term,ProjectedNewJobs,ProjectedRetainedJobs,AveragePayroll,Approved_Date,LoanAmount,LoanUse,InterestRate,TotalProjectedCapitalInvestment,PCI_RealProperty,PCI_Acquisition,PCI_Construction,PCI_Renovation,PCI_MachineryEquipment,PCI_FurnitureFixturesOffice,PCI_Equipment,PCI_FeesSoftCosts,PCI_PermanentWorkingCapital,PCI_Miscellaneous
Memphis Guitar Spa,Neighborhood Project,Inner City Economic Development Loan,2561 Broad Avenue,Memphis,TN,38112,35.1476517,-89.974,5,9,7,3,5,2,0,7/10/2014,25000,Facade Improvement,0,50000,0,0,8269,37500,4231,0,0,0,0,0
Handcrafted Furniture by Elmore Holmes,Neighborhood Project,Inner City Economic Development Loan,2542 Broad Avenue,Memphis,TN,38112,35.148529,-89.974332,5,9,7,3,0,1,0,7/10/2014,25000,Facade Improvement,0,250000,0,0,25000,197500,25000,0,0,0,0,2500
H&M Health and Wellness,Neighborhood Project,EDGE Loan Fund Loan,2840 Summer Oaks,Bartlett,TN,38134,35.2031844,-89.8425685,1,8,3,5,1,0,35000,7/10/2014,50000,Permanent Working Capital,0.0325,90000,0,0,60000,0,10000,0,0,0,20000,0
B.G. Brooks Enterprises,Neighborhood Project,Inner City Economic Development Loan,995 Mississippi Boulevard,Memphis,TN,38126,35.1197815,-90.0390383,6,8,8,3,10,0,0,8/6/2014,20000,Facade Improvement,0,32000,24000,0,0,8000,0,0,0,0,0,0
NovaCopy,Office/HQ,SBA 504 Loan,6859 Appling Farms Pkwy,Memphis,TN,38133,35.1841022,-89.8212145,1,9,5,20,30,0,44133,8/6/2014,2175412,Building Construction and Equipment,,5438531,0,0,4894677,0,0,0,543853,0,0,0
Quality Quick Cleaners,Neighborhood Project,Inner City Economic Development Loan,284 East McLemore Street,Memphis,TN,38106,35.1160665,-90.0527827,6,8,8,3,2,7,15000,8/6/2014,25000,Facade Improvement,0,37500,30000,0,0,5000,0,0,0,0,0,2500
Goode Development,Neighborhood Project,Inner City Economic Development Loan,2519 Broad Avenue,Memphis,TN,38112,35.1478059,-89.9753647,5,9,7,3,25,0,0,9/3/2014,25000,Facade Improvement,0,730000,355000,0,355000,25000,0,0,0,0,0,0
Metalworks,Neighborhood Project,Inner City Economic Development Loan,2537 Broad Avenue,Memphis,TN,38112,35.1477808,-89.9747655,5,9,7,3,0,0,0,11/5/2014,25000,Facade Improvement,0,37500,12500,0,0,25000,0,0,0,0,0,0
Propcellar Vintage Rentals,Neighborhood Project,Inner City Economic Development Loan,2585 Summer Avenue,Memphis,TN,38112,35.1496456,-89.9729322,5,9,7,3,6,1,0,11/5/2014,25000,Facade Improvement,0,269625,244625,0,0,25000,0,0,0,0,0,0
P&M Catering,Neighborhood Project,Inner City Economic Development Loan,1011 Mississippi Boulevard,Memphis,TN,38106,35.1193486,-90.0388858,6,8,8,3,7,0,0,2/4/2015,25000,Facade and Interior Improvements,0,95400,35000,0,0,50000,0,10400,0,0,0,0
Tylers Grocery,Neighborhood Project,Inner City Economic Development Loan,973 East McLemore Avenue,Memphis,TN,38106,35.115277,-90.0296398,4,8,8,3,2,2,0,2/4/2015,22000,Facade and Interior Improvements,0,33000,3644,0,0,29356,0,0,0,0,0,0
Motamedi GlasArt,Neighborhood Project,Inner City Economic Development Loan,492 South Second Street,Memphis,TN,38103,35.1337195,-90.056231,7,8,8,3,0,1,0,8/10/2015,25000,Facade and Interior Improvements,0,40043,13349,0,0,25000,0,1694,0,0,0,0
Euro Imports of Memphis,Neighborhood Project,Inner City Economic Development Loan,2699 Broad Avenue,Memphis,TN,38112,35.1471074,-89.9694322,5,9,7,3,2,5,0,8/10/2015,25000,Facade and Interior Improvements,0,37500,10930,0,0,25000,0,1570,0,0,0,0
The Bikesmith,Neighborhood Project,Inner City Economic Development Loan,509 North Hollywood,Memphis,TN,38112,35.1494326,-89.9771442,5,9,7,3,3,1,0,8/10/2015,25000,Facade and Interior Improvements,0,37500,0,0,0,29000,0,7000,0,0,0,1500
Camys Inc,Neighborhood Project,Inner City Economic Development Loan,2886 Walnut Grove,Memphis,TN,38111,35.1365106,-89.9649895,5,9,7,3,7,16,0,9/2/2015,25000,Facade and Interior Improvements,0,60000,35000,0,0,20000,0,5000,0,0,0,0
Pyramid Stone,Neighborhood Project,Inner City Economic Development Loan,2615 Summer Avenue,Memphis,TN,38112,35.1496491,-89.9719404,5,9,7,3,6,6,0,9/2/2015,25000,Facade and Interior Improvements,0,132713,0,0,0,132713,0,0,0,0,0,0
Jim and Samellas,Neighborhood Project,Inner City Economic Development Loan,841 Bullington Avenue,Memphis,TN,38106,35.1088319,-90.0345764,4,8,8,3,5,3,0,9/2/2015,25000,Facade and Interior Improvements,0,61000,8000,0,0,37000,0,16000,0,0,0,0
Health Tech Institute of Memphis,Neighborhood Project,Inner City Economic Development Loan,571 Vance Avenue,Memphis,TN,38126,35.134305,-90.0430453,6,8,8,3,4,3,0,10/7/2015,25000,Facade Improvements,0,37500,7500,0,0,30000,0,0,0,0,0,0
"City and State, LLC",Neighborhood Project,Inner City Economic Development Loan,2625 Broad Avenue,Memphis,TN,38112,35.1474579,-89.971831,5,9,7,3,3,7,0,10/7/2015,25000,Facade Improvements,0,124410,27500,0,0,32000,0,64910,0,0,0,0
The Rec Room,Neighborhood Project,Inner City Economic Development Loan,3000 Broad Avenue,Memphis,TN,38112,35.147555,-89.9607732,5,9,7,3,4,20,0,10/7/2015,25000,Facade Improvements,0,181528,0,0,0,83702,0,97826,0,0,0,0
Advance Memphis,Neighborhood Project,Inner City Economic Development Loan,575 Suzette Street,Memphis,TN,38126,35.1310969,-90.034019,6,8,8,3,6,15,0,10/7/2015,25000,Facade Improvements,0,225487,188087,0,0,25000,0,12400,0,0,0,0
Lodestone Design,Neighborhood Project,Inner City Economic Development Loan,578 South Highland,Memphis,TN,38111,35.1159061,-89.9453559,5,9,13,3,0,1,0,12/2/2015,25000,Building Improvements,0,40491,28153,0,0,0,0,0,0,4338,0,8000
"Gs Wings, Fish, Burgers & Â More",Neighborhood Project,Inner City Economic Development Loan,4635 Tuchulahoma Road,Memphis,TN,38118,35.0217269,-89.9550583,3,8,11,3,0,3,0,12/2/2015,25000,Building Improvement,0,38533,10506,0,353,6828,0,0,20846,0,0,0
"J&H Graphic Screen Printing, Inc.",Neighborhood Project,Inner City Economic Development Loan,2331 Elvis Presley,Memphis,TN,38106,35.0815243,-90.019348,6,8,10,3,10,4,0,12/2/2015,21310,Building Improvements,0,31966,19020,0,0,0,0,7946,0,0,0,5000
Falling into Place,Neighborhood Project,Inner City Economic Development Loan,2613 Broad Avenue,Memphis,TN,38112,35.1475463,-89.9722871,5,9,7,3,1,2,0,12/8/2015,25000,Building Improvements,0,58630,31917,0,4743,18690,0,0,0,0,0,3280
MAAEs Market,Neighborhood Project,Inner City Economic Development Loan,2063 Castex Street,MEMPHIS,TN,38109,35.0913303,-90.0704613,6,8,9,3,4,0,0,2/3/2016,21499,Building Improvements,0,32249,24520,0,0,0,0,1980,2973,0,0,2776
Restoration House Boxing Academy,Neighborhood Project,Inner City Economic Development Loan,4050 North Watkins,Memphis,TN,38127,35.2364709,-90.0143272,7,8,7,3,0,1,0,2/3/2016,7190,Building Improvements,0,10785,10785,0,0,0,0,0,0,0,0,0
Major & Son Master Muffler,Neighborhood Project,Inner City Economic Development Loan,2207 Airways,Memphis,TN,38114,35.0850343,-89.9872599,6,8,10,3,0,2,0,2/3/2016,25000,Building Improvements,0,62865,51740,0,0,5900,0,625,4600,0,0,0
The Choo,Neighborhood Project,Inner City Economic Development Loan,3045 Southern Avenue,Memphis,TN,38111,35.115124,-89.9608825,4,8,10,3,0,4,0,5/4/2016,25000,Building Improvements,0,39958,30317,0,0,0,0,1800,950,0,0,6891
"CityWood, LLC",Neighborhood Project,Inner City Economic Development Loan,583 Scott Street,Memphis,TN,38112,35.148269,-89.967506,5,9,7,3,4,2,0,5/4/2016,25000,Building Improvements,0,66000,52000,0,0,14000,0,0,0,0,0,0
On the Spot Cuts and Styles,Neighborhood Project,Inner City Economic Development Loan,3147 Frayser Boulevard,Mempis,TN,38128,35.2220171,-89.9587391,1,9,6,3,5,6,0,5/4/2016,25000,Building Improvements,0,39674,11880,0,0,14400,0,0,0,5279,0,8115
The Barber Institute dba Success Barber College,Neighborhood Project,Inner City Economic Development Loan,1642 Shelby Drive,Memphis,TN,38116,35.0213987,-90.0089811,3,8,9,3,2,1,0,7/6/2016,25000,Building improvements,0,99010,0,0,0,0,0,0,0,0,0,0
Neighborhood Grocery,Neighborhood Project,Inner City Economic Development Loan,1362 South Main Street,Memphis,TN,38106,35.1102084,-90.0598428,6,8,8,3,2,2,0,9/7/2016,18278,Facade Improvements,0,30500,29088,0,0,0,0,0,1401,0,0,0
Drus Place,Neighborhood Project,Inner City Economic Development Loan,1474 Madison Avenue,Memphis,TN,38104,35.1386951,-90.0121076,6,8,8,3,2,4,0,9/7/2016,16940,Facade Improvements,0,25410,22091,0,0,0,0,0,0,0,0,3319
April House Premier,Neighborhood Project,Inner City Economic Development Loan,5650 Mt. Moriah,Memphis,TN,38115,35.074825,-89.8751487,4,8,11,3,4,4,0,9/7/2016,8255,Building Improvements,0,18132,8882,0,0,0,0,0,0,0,0,3500
"South Memphis Alliance, Inc.",Neighborhood Project,Inner City Economic Development Loan,1231 Walker Avenue,Memphis,TN,38106,35.1182591,-90.0208605,4,8,8,3,0,5,0,11/2/2016,20000,Property improvements,0,38200,38200,0,0,0,0,0,0,0,0,0
Three Sisters Deli,Neighborhood Project,Inner City Economic Development Loan,1392 Kney Street,Memphis,TN,38107,35.178026,-90.0220557,7,8,8,3,3,0,0,11/2/2016,18946,facade improvements plumbing and electrical upgrades interior restoration and HVAC installation,0,42508,37000,0,0,0,0,0,5508,0,0,0
Knowledge Quest,Neighborhood Project,Inner City Economic Development Loan,590 Jennette Place,Memphis,TN,38126,35.1188982,-90.0424436,6,8,8,3,8,12,0,11/2/2016,20000,Building Improvements,0,30040,30040,0,0,0,0,0,0,0,0,0
Champions Pharmacy and Herb Store,Neighborhood Project,Inner City Economic Development Loan,2369 Elvis Presley Boulevard,Memphis,TN,38106,35.080662,-90.0192473,6,8,10,3,0,4,0,2/1/2017,20000,"Facade improvements, roof replacement, sign repair, and parking improvements",0,33600,33600,0,0,0,0,0,0,0,0,0
Park Place Recycling & Logistics,Neighborhood Project,Inner City Economic Development Loan,815 East Georgia Avenue,Memphis,TN,38126,35.1283345,-90.0338928,6,8,8,3,5,10,0,2/1/2017,20000,Building improvements,0,30000,30000,0,0,0,0,0,0,0,0,0
Orca Printing,Neighborhood Project,Inner City Economic Development Loan,1808 Septmeber Avenue,Memphis,TN,38116,35.0545998,-90.0033871,3,8,10,3,3,1,0,6/7/2017,19000,"Improve the exterior appearance, construct a showroom with restrooms and install an HVAC system",0,28500,0,0,9500,19000,0,0,0,0,0,0
HopeWorks,Neighborhood Project,Inner City Economic Development Loan,3337 Summer Avenue,Memphis,TN,38122,35.1489961,-89.9498062,5,9,13,3,15,0,0,6/7/2017,20000,Improve the exterior appearance and repave the parking lot,0,43678,0,0,43678,0,0,0,0,0,0,0
Soulsville Market,Neighborhood Project,Inner City Economic Development Loan,745 East McLemore,Memphis,TN,38106,35.115392,-90.0373464,4,8,8,3,4,0,0,9/6/2017,20000,"Improve the exterior appearance, repair HVAC, repair the roof, and complete interior improvements",0,36992,23150,0,0,11132,0,0,0,0,0,2710
Stylist Salon,Neighborhood Project,Inner City Economic Development Loan,3240 North Watkins,Memphis,TN,38127,35.2140956,-90.003224,7,8,7,3,6,0,0,9/6/2017,15000,"Improve the exterior appearance, install an HVAC system, repair the roof and complete interior improvements",0,22635,0,0,0,21557,0,0,0,0,0,1078
Memphis Magnetic Recording Company,Neighborhood Project,Inner City Economic Development Loan,618 Vance Avenue,Memphis,TN,38126,35.1346088,-90.0410866,6,8,8,3,5,0,0,12/6/2017,20000,"Improve exterior appearance, expand the building, and install HVAC system",0,51156,51156,0,0,0,0,0,0,0,0,0
NH Owens & Sons Funeral Home,Neighborhood Project,Inner City Economic Development Loan,421 Scott Street,Memphis,TN,38112,35.1440987,-89.9674079,5,9,7,3,4,14,0,12/6/2017,18000,"Improve the exterior appearance, weatherproof entrances, and improve disabled accessibility",0,30951,30951,0,0,0,0,0,0,0,0,0
Lulas Frozen Treats,Neighborhood Project,Inner City Economic Development Loan,1750 Frayser Boulevard,Memphis,TN,38127,35.2179807,-90.005501,7,8,7,3,2,0,0,12/6/2017,18000,"Remodel the interior, add a patio, and install ADA compatible restrooms",0,37211,28113,0,7985,0,0,0,0,0,0,1113
Family Multiplex Center,None,Inner City Economic Development Loan,1025 Whitney Avenue,Memphis,TN,38127,35.2105135,-90.0297434,7,8,8,3,6,0,0,3/7/2018,20000,facade improvements HVAC installation electrical repair,0,51409,47609,0,0,38000,0,0,0,0,0,0
Kemet Nu Enterprises,Neighborhood Project,Inner City Economic Development Loan,988/990 Mississippi Boulevard,Memphis,TN,38126,35.1199341,-90.0387206,6,8,8,3,4,0,0,3/7/2018,15000,"improve the exterior appearance, replace the roof, and install an HVAC system",0,90000,15000,0,0,0,0,0,0,0,0,0
Castle Retail Group,Neighborhood Project,Inner City Economic Development Loan,1977 South Third Street,Memphis,TN,38109,35.0934873,-90.0570188,6,8,8,7,50,0,25044,7/11/2018,100000,point of sale equipment meat & deli department scales,0.02,1087500,0,0,0,0,0,0,0,0,0,0
Memphis Area Youth Association,Neighborhood Project,Inner City Economic Development Loan,5395 Elvis Presley Boulevard,Memphis,TN,38116,35.0010754,-90.025836,3,8,9,3,4,5,0,8/1/2018,20000,roof replacement ceiling repair facade improvements exterior lighting,0,32743,29270,0,0,3473,0,0,0,0,0,0
Eggxactly Breakfast & Deli,Neighborhood Project,Inner City Economic Development Loan,1248 Marlin Road,Memphis,TN,38116,35.0344031,-90.0223579,3,8,9,3,2,0,0,8/1/2018,20000,exterior improvements signage installation driveway repair,0,33509,20902,0,0,0,0,0,0,0,0,12607
"Scott Street, LLC dba S2F Performance Lab",Neighborhood Project,Inner City Economic Development Loan,678 Scott Street,Memphis,TN,38112,35.1506789,-89.9666906,5,9,7,3,4,2,0,12/5/2018,22000,exterior improvements lighting parking,0,123585,78585,0,0,0,0,0,0,0,0,0
Trap Fusion,Neighborhood Project,Inner City Economic Development Loan,4637 Boeingshire Drive,Memphis,TN,38116,35.0220794,-89.9974864,3,8,9,3,6,0,0,3/6/2019,14500,interior renovations and facade appearance,0,21750,7350,0,0,0,0,0,6450,0,0,7950
"Warehouse Studios, LLC",Neighborhood Project,Inner City Economic Development Loan,358 Walnut Street,Memphis,TN,38126,35.1326317,-90.034622,6,8,8,3,0,14,0,3/6/2019,20000,facade improvements HVAC installation electrical repair,0,73135,30120,0,9970,0,0,0,0,0,0,33045
Mystic Styles Glam Studio,Neighborhood Project,Inner City Economic Development Loan,4466 Elvis Presley Boulevard,Memphis,TN,38116,35.0261665,-90.0239806,3,8,9,3,0,10,0,5/1/2019,12000,completing electrical and plumbing upgrades  new flooring  exterior signage,0,44862,28862,0,0,0,0,16000,0,0,0,0
Als Tasty Burger,Neighborhood Project,Inner City Economic Development Loan,965 East McLemore,Memphis,TN,38106,35.1152055,-90.03001,4,8,8,3,10,0,0,5/1/2019,20000,Buildout of exterior renovations improve visibility,0,38510,29510,0,0,0,0,9000,0,0,0,0
Vann Cut,Neighborhood Project,Inner City Economic Development Loan,2546 North Watkins Street,Memphis,TN,38127,35.1950532,-90.0073955,7,8,8,3,5,0,0,7/10/2019,20000,facade improvements lighting and paint interior renovation electrical plumbing cabinetry structural roof HVAC repair,0,52737,5450,0,0,28925,0,15090,0,0,0,3272
Tambolis Pasta and Pizza,Neighborhood Project,Inner City Economic Development Loan,1761 Madison Avenue,Memphis,TN,38104,35.1378442,-90.0026837,6,8,8,3,16,0,0,7/10/2019,20000,patio enclosure interior renovation electrical and plumbing exterior painting,0,87506,52786,0,0,34720,0,0,0,0,0,0
South Memphis Renewal Community Development Corporation,Neighborhood Project,Inner City Economic Development Loan,991 Mississippis Boulevard,Memphis,TN,38126,35.119814,-90.039276,6,8,8,3,20,0,0,9/4/2019,25000,Assist with construction,0,670000,372000,0,0,155000,0,65000,0,63000,0,15000
Muggin Coffehouse,Neighborhood Project,Inner City Economic Development Loan,1139 Brownlee Road,Memphis,TN,38116,35.0323272,-90.0259762,6,8,9,3,5,0,0,9/4/2019,15000,Complete interior buildout and restroom upgrades,0,26000,26000,0,0,0,0,0,0,0,0,0
Creative Home Academy & Preschool,Neighborhood Project,Inner City Economic Development Loan,1149 Semmes Street,Memphis,TN,38111,35.100257,-89.961403,4,8,10,3,5,0,0,11/6/2019,20000,Exterior Paint and Columns Fencing and Gate Driveway and Parking Lot HVAC Signage,0,41818,37818,0,0,0,0,4000,0,0,0,0
"Stepherson Incorporated, dba Superlo Foods",Neighborhood Project,Inner City Economic Development Loan,2269 Lamar Ave,Memphis,TN,38114,35.1057116,-89.9881962,4,8,10,7,68,0,35513,11/6/2019,100000,Complete equipment financing for a new supermarket,2,650955,0,0,0,0,0,0,0,0,0,0
Bendy Beast Fitness LLC,Neighborhood Project,Inner City Economic Development Loan,1202 Minna Place,Memphis,TN,38104,35.1287886,-90.0216259,6,8,8,3,10,1,0,2/5/2020,20000,Facade Structural Roof and HVAC Landscape and Streetscape Interior Renovation,0,209250,37570,0,0,35840,0,34820,0,59000,0,42020
Alcy Ball Development Corporation,Neighborhood Project,Inner City Economic Development Loan,1672 East Alcy Road,Memphis,TN,38114,35.0779781,-90.0071223,6,8,10,3,0,4,0,2/5/2020,25000,FaÃ§ade Improvements,0,200000,30920,0,0,43567,0,21883,0,73000,0,35065
1570 Vollintine Ave (Timothy S. Hubbard),Neighborhood Project,Inner City Economic Development Loan,1570 Vollintine Avenue,Memphis,TN,38107,35.164435,-90.004932,7,8,7,3,3,0,0,8/7/2020,25000,Construction and Rehab,0,643500,52500,0,0,100000,0,395000,0,0,0,96000
"Haven Representations, LLC dba Nubian Design",Neighborhood Project,Inner City Economic Development Loan,1237 Marlin Rd.,Memphis,TN,38116,35.0337591,-90.022683,3,8,9,3,6,0,0,8/28/2020,16000,Complete exterior upgrades and HVAC installation,0,24000,19500,0,0,0,0,0,0,0,0,4500
"Edna Banks-Hawkins, dba Mot & Eds Southern Eatery",Neighborhood Project,Inner City Economic Development Loan,1030 E. Raines Road,Memphis,TN,38116,35.0355647,-90.029609,6,8,9,3,3,0,0,11/4/2020,15000,"Improve the exterior appearance, increase outdoor seating capacity and complete interior renovation",0,58065,58065,0,0,0,0,0,0,0,0,0
Muhsen Najdawi dba Turbo Knights,Neighborhood Project,Inner City Economic Development Loan,3301 Winbrook Drive,Memphis,TN,38116,35.0585179,-89.9977714,3,8,10,3,2,0,0,12/2/2020,12000,"Improve the exterior appearance, add additional roll up doors and complete interior renovation",0,72700,18000,0,0,0,0,0,0,0,0,0
"The Vineyard, LLC",Neighborhood Project,Inner City Economic Development Loan,4715 Elvis Presley Blvd.,Memphis,TN,38116,35.0199222,-90.0252071,3,8,9,3,2,0,0,4/7/2021,12000,Improvements,0,24274,0,0,0,0,0,4250,20024,0,0,0
Sumadhi Spa Pro Aesthetics Training Center,Neighborhood Project,Inner City Economic Development Loan,1100 East Brooks Road,Memphis,TN,38116,35.0623428,-90.0271483,3,8,10,3,2,1,0,6/2/2021,11000,Help with interior improvements,0,24690,12790,0,0,3700,0,8200,0,0,0,0
Kayes Pints & Scoops,Neighborhood Project,Inner City Economic Development Loan,2089 Winchester Road,Memphis,TN,38116,35.0530767,-89.9941165,3,8,10,3,3,1,0,7/7/2021,15000,exterior and interior improvements,0,100000,23810,0,0,0,0,30772,0,45418,0,0
Snkrr Bar,Neighborhood Project,Inner City Economic Development Loan,1869 Madison Ave,Memphis,TN,38104,35.1374066,-89.9990893,6,8,8,3,0,5,0,8/25/2021,15000,Qualified Improvements,0,57000,20125,0,0,0,0,15000,0,0,0,2499
Restaurant Kora,Neighborhood Project,Inner City Economic Development Loan,4573 Elvis Presley Blvd,Memphis,TN,38116,35.023846,-90.025654,6,8,9,3,8,0,0,8/25/2021,15000,None,0,130400,20996,0,0,2002,0,0,0,0,0,0
Springdale Salon,Neighborhood Project,Inner City Economic Development Loan,1149 Springdale Street,Memphis,TN,38108,35.1677589,-89.984096,7,8,7,3,10,0,0,10/20/2021,20000,"Renovate, open a beauty salon, and make a space ready for rent to a fresh produce market",0,73000,73000,0,0,0,0,0,0,0,0,0
Venture South Productions,Neighborhood Project,Inner City Economic Development Loan,2622 Poplar Avenue,Memphis,TN,38112,35.1374742,-89.9737551,5,9,7,3,1,4,0,10/20/2021,20000,"Complete roof and other exterior repairs, interior upgrades, and HVAC installation",0,41100,19750,0,0,10200,0,0,0,0,0,11150
Heights CDC (3386 Bowen Ave),Neighborhood Project,Inner City Economic Development Loan,3386 Bowen Ave,Memphis,TN,38122,35.1534865,-89.9479641,5,9,7,3,12,3,0,10/20/2021,25000,"Renovate 3386 Bowen, creating a business development center",0,47300,36500,0,0,0,0,0,0,0,0,10800
E.U. Enterprises LLC,Neighborhood Project,Inner City Economic Development Loan,825 Jackson Ave,Memphis,TN,38107,35.1567161,-90.0312111,7,8,8,3,6,0,0,2/16/2022,25000,Restore and make space ready for an artistic business incubator,0,350000,105000,0,0,245000,0,0,0,0,0,0
"Subroy Movement Foundation, Inc. dba Tasche Social Gallery",Neighborhood Project,Inner City Economic Development Loan,1730 Lamar Ave,Memphis,TN,38114,35.1189915,-90.0044627,4,9,13,3,15,0,0,2/16/2022,15000,Renovate and prepare the space for a selfie gallery,0,22500,10050,0,0,4875,0,0,0,0,0,7575
Pollardâ€™s Bar-B-Que,Neighborhood Project,Inner City Economic Development Loan,4560 Elvis Presley Blvd,Memphis,TN,38116,,,3,8,9,3,0,5,0,8/17/2022,25000,Facade Improvements,0,37500,29268,0,0,0,0,0,0,2000,0,6231
The Heights General Partnership - 3393 Summer,Neighborhood Project,Inner City Economic Development Loan,3393 Summer Ave,Memphis,TN,38122,,,5,9,13,3,40,10,0,9/21/2022,75000,"Complete roofing, other exterior repairs, and interior renovations",0,402367,169740,0,0,180000,0,0,54295,22732,0,50600
Gradus Inc. LLC dba Mickeys Popcorn,Neighborhood Project,Inner City Economic Development Loan,3127 Stonebrook Circle,Memphis,TN,38116,35.0632852,-90.0194737,3,8,10,3,1,8,0,12/21/2022,15000,Renovations,0,26500,0,0,0,18000,0,1500,0,0,0,7000
Lot-A-Burger #3 LLC,Neighborhood Project,Inner City Economic Development Loan,2260 South Third St,Memphis,TN,38109,35.0856674,-90.0566023,6,8,8,3,0,2,0,12/21/2022,20000,Renovations,0,70100,54290,0,0,4900,0,6060,0,0,0,4850
The Black Pearl Academy,Neighborhood Project,Inner City Economic Development Loan,938 East Brooks Road,Memphis,TN,38116,35.0621877,-90.0324493,3,8,10,3,0,3,0,2/21/2023,25000,Renovations,0,175303,68553,0,0,122000,0,0,0,8000,0,1750
A Taste of Glennyâ€™s,Neighborhood Project,Inner City Economic Development Loan,972 East Brooks Road,Memphis,TN,38116,35.06226147,-90.03147187,3,8,10,3,6,0,0,4/19/2023,25000,Neighborhood Project,0,62500,27290,0,0,23972,0,0,0,11240,0,0
"Summer Ave. Art & Clay, LLC",Neighborhood Project,Inner City Economic Development Loan,3321 Summer Ave,Memphis,TN,38112,35.14927351,-89.95354806,5,9,13,3,2,3,0,4/19/2023,25000,Neighborhood Project,0,47350,47350,0,0,0,0,0,0,0,0,0
The Locing Barber LLC,Neighborhood Project,Inner City Economic Development Loan,6050 Knight Arnold,Memphis,TN,38115,35.0609213,-89.8615302,3,8,12,3,3,0,0,4/19/2023,15714,Neighborhood Project,0,23572,0,0,0,10882,0,12690,0,0,0,0
Pink Noire Beauty Supply & Cosmetics,Neighborhood Project,Inner City Economic Development Loan,152 North Avalon,Memphis,TN,38104,35.14218791,-90.00620719,6,8,8,3,2,0,0,8/16/2023,17000,Neighborhood Project,0,25000,0,0,0,0,0,0,0,0,0,0
"100 N. Main, LLC Development Loan",Other,Other,100 North Main,Memphis,TN,38103,35.14807251,-90.05140993,7,8,8,20,0,0,0,8/16/2023,5000000,Demolition,4,269000000,0,0,0,0,0,0,0,0,0,0
Spotlight Productions,Neighborhood Project,Inner City Economic Development Loan,649 North Second,Memphis,TN,38107,35.16212644,-90.0449012,7,8,8,3,2,0,0,8/16/2023,25000,Neighborhood Project,0,272000,0,0,0,0,0,0,0,0,0,0
Beeexcellent Academy LLC,Neighborhood Project,Inner City Economic Development Loan,2975 Old Austin Peay Hwy,Memphis,TN,38128,35.20667438,-89.92192781,1,9,6,3,2,0,0,8/16/2023,15000,Completing Qualified Improvements,0,22402,3050,0,0,5630,0,2500,0,1500,0,9722
Little Learners Literacy Academy,Office/HQ,Inner City Economic Development Loan,"2510 Mt. Moriah, Bldg. E.",Memphis,TN,38115,35.08212689,-89.88571645,4,8,11,3,5,0,0,9/20/2023,25000,Interior Renovation,0,168000,0,0,0,168000,0,0,0,0,0,0
"Rikoâ€™s Kickin Chicken, LLC",Office/HQ,Inner City Economic Development Loan,1329 Madison Ave,MEMPHIS,TN,38104,35.138729,-90.016891,6,8,8,3,4,0,0,10/18/2023,14900,Interior Renovation,0,22350,3000,0,0,15900,0,0,0,0,0,3450
"Professional Allied Health, LLC",Office/HQ,Inner City Economic Development Loan,3768 S Hickory Ridge Mall,MEMPHIS,TN,38115,35.048607,-89.861013,3,8,11,3,1,3,0,10/18/2023,21806,Interior Renovation,0,32710,0,0,0,0,0,32710,0,0,0,0
"Groovy Gratitude, LLC",Office/HQ,Inner City Economic Development Loan,605 N.2nd St. Suite 101,Memphis,TN,38105,35.16084588,-90.04542703,7,8,8,3,3,0,0,11/15/2023,25000,Completing Qualified Improvements,0,93500,0,0,0,55000,0,38500,0,0,0,0
"Upscale Kutz, LLC",Office/HQ,Inner City Economic Development Loan,1333 Madison Ave,Memphis,TN,38104,35.13899252,-90.01676816,6,8,8,3,1,0,0,11/16/2023,24334,Completing Qualified Improvements,0,36500,0,0,0,36500,0,0,0,0,0,0
"Hillboyz, LLC",Neighborhood Project,Inner City Economic Development Loan,3711 Lamar Avenue,Memphis,TN,38118,35.06295,-89.94015,3,8,10,3,5,0,0,12/13/2023,25000,,0,66900,0,0,0,21900,0,40000,0,0,0,5000
The Grille at Hickory Hill,Neighborhood Project,Inner City Economic Development Loan,3200 Hickory Hill Road,Memphis,TN,38115,35.06147,-89.8655,3,8,12,3,4,0,0,12/13/2023,25000,Inner City Economic Development Loan,0,37500,0,0,0,37500,0,0,0,0,0,0
JamRack Entertainment LLC,Neighborhood Project,Inner City Economic Development Loan,150 N Avalon Street,Memphis,TN,38104,35.14519,-90.00683,6,8,8,3,5,0,0,12/13/2023,25000,,0,45700,0,0,0,5700,0,40000,0,0,0,0
"100 N Main, LLC Development Loan ",Other,Other,100 North Main,Memphis,TN,38103,35.14803697,-90.05161781,7,8,9,20,,,,7/17/2024,5000000,,,269000000,,,,,,,,,,
Uncle Lous Fried Chicken,Neighborhood Project,Inner City Economic Development Loan,1725 Winchester Road,Memphis,TN,38116,35.05367623,-90.0065153,3,8,10,3,4,,,3/20/2024,25000,,,400000,,,,,,,,,,
Major Pieces Boutique ,Neighborhood Project,Inner City Economic Development Loan,5693 Mount Moriah Road,Memphis,TN,38118,35.07429292,-89.87345489,4,8,11,3,3,4,,3/20/2024,25000,,,37500,,,,,,,,,,
Glamour Grooming & Boarding ,Neighborhood Project,Inner City Economic Development Loan,1127 E. Raines Road,Memphis,TN,38116,35.03527997,-90.02659991,6,8,9,3,4,4,,3/20/2024,16000,,,24000,,,,,,,,,,
Memphis Toast,Neighborhood Project,Inner City Economic Development Loan,954 Jackson Avenue,Memphis,TN,38107,35.15719965,-90.02659142,7,8,7,3,4,,,4/17/2024,24200,,,36300,,,,,,,,,,
"M.I.H. Hauling, LLC ",Neighborhood Project,Inner City Economic Development Loan,2490 Carnes Avenue,Memphis,TN,38114,35.11282701,-89.97941774,4,8,10,3,2,2,,4/17/2024,16333,,,24500,,,,,,,,,,
The Grilled Asparagus ,Neighborhood Project,Inner City Economic Development Loan,3270 Elvis Presley Blvd,Memphis,TN,38116,35.05878587,-90.02416115,3,8,10,3,15,,,5/15/2024,25000,,,148000,,,,,,,,,,
"85 Danny Thomas, LLC ",Other,Other,60 N BB KING BLVD,Memphis,TN,38103,35.14613,-90.04942,7,8,8,5,,,,8/21/2024,750000,,,4800000,,,,,,,,,,
Vitality Hotel C-PACER Loan ,Other,Other,2625 Thousand Oaks Blvd,Memphis,TN,38118,35.07700156,-89.90206384,4,8,11,,,,,8/21/2024,3665342,,,36700000,,,,,,,,,,
One Memphis C-PACER Loan ,Other,Other,200-202 Jefferson Avenue,Memphis,TN,38103,35.14653557,-90.04936949,7,8,9,25,,,,9/18/2024,1700000,,,0,,,,,,,,,,
"Able Academy, LLC ",Other,Inner City Economic Development Loan,3837 S. Mendenhall Rd.,Memphis,TN,38115,35.04430723,-89.88608815,3,8,11,3,2,,,6/24/2024,22382,,,33573,,,,,,,,,,
John Brewer dba Skyway Computers,Neighborhood Project,Inner City Economic Development Loan,4325 Stage Rd.,Memphis,TN,38128,35.20525922,-89.9175987,1,9,6,3,1,,,6/24/2024,25000,,,67500,,,,,,,,,,
"The Wing Factory, LLC ",Neighborhood Project,Inner City Economic Development Loan,2280 Park Ave,Memphis,TN,38114,35.10861949,-89.98671833,4,8,10,3,3,,,7/17/2024,25000,,,67500,,,,,,,,,,
"Electrolyfe Juice Bar, Inc. ",Neighborhood Project,Inner City Economic Development Loan,1417 Elvis Presley Blvd,Memphis,TN,38106,35.10788768,-90.02146134,4,8,10,3,3,,,7/17/2024,25000,,,38000,,,,,,,,,,
Lettuce Feed You Incorporated dba Salad Expressions ,Neighborhood Project,Inner City Economic Development Loan,1253 East Shelby Drive,Memphis,TN,38116,35.02081724,-90.02240723,3,8,9,3,3,,,8/21/2024,25000,,,53750,,,,,,,,,,
Broad Avenue Community & Economic Development Corporation (BRACED) ,Neighborhood Project,Inner City Economic Development Loan,2954 Broad Avenue,Memphis,TN,38112,35.1474286,-89.96296514,5,9,7,3,3,,,8/21/2024,25000,,,61000,,,,,,,,,,
"Esquire Investments, LLC ",Neighborhood Project,Inner City Economic Development Loan,243 Adams Ave,Memphis,TN,38103,35.14713226,-90.04793686,7,8,8,3,4,,,9/18/2024,25000,,,177500,,,,,,,,,,
Evolve Pilates ,Neighborhood Project,Inner City Economic Development Loan,"605 N.2nd St., Suite 102",Memphis,TN,38105,35.16089432,-90.04520104,7,8,8,3,5,,,11/6/2024,25000,,,81778,,,,,,,,,,
The Fish Net ,Neighborhood Project,Inner City Economic Development Loan,2731 Lamar Ave,Memphis,TN,38114,35.09683283,-89.97183372,4,8,10,3,3,,,11/6/2024,25000,,,70800,,,,,,,,,,
"Riko�s Kickin Chicken, LLC ",Neighborhood Project,Inner City Economic Development Loan,630 Madison Ave,Memphis,TN,38103,35.14181653,-90.03992026,6,8,8,3,8,,,11/6/2024,25000,,,32500,,,,,,,,,,
"Hard Times Delicatessen, LLC ",Neighborhood Project,Inner City Economic Development Loan,655 Marshall Ave,Memphis,TN,38103,35.14011151,-90.03916578,6,8,8,3,10,,,12/18/2024,25000,,,378000,,,,,,,,,,
"Envy Chic Couture Boutique, LLC",Neighborhood Project,Inner City Economic Development Loan,2276 Park Ave,Memphis,TN,38114,35.10862076,-89.98679387,4,8,10,3,3,,,12/18/2024,25000,,,68500,,,,,,,,,,
"Caf� Noir, LLC ",Neighborhood Project,Inner City Economic Development Loan,635 Madison Ave,Memphis,TN,38103,35.14146394,-90.03909067,6,8,8,3,5,,,3/2/2025,25000,,,128150,,,,,,,,,,
"Dream Academy Learning Center, Inc ",Neighborhood Project,Inner City Economic Development Loan,6635 Quince Road,Memphis,TN,38119,35.06802305,-89.84186576,2,9,12,3,2,,,3/2/2025,18000,,,27000,,,,,,,,,,
"The Four Way, LLC ",Neighborhood Project,Inner City Economic Development Loan,998 Mississippi Blvd,Memphis,TN,38126,35.11955475,-90.03872354,6,8,8,3,2,,,3/2/2025,15216,,,22825,,,,,,,,,,
Gentleman�s Retreat LLC ,Neighborhood Project,Inner City Economic Development Loan,376 N. Cleveland St. Suite 107,Memphis,TN,38104,35.14912087,-90.01433254,6,8,8,3,5,,,4/16/2025,25000,,,52750,,,,,,,,,,
"Millennium Media Label, LLC ",Neighborhood Project,Inner City Economic Development Loan,1192 Florida St,Memphis,TN,38106,35.11523711,-90.06219315,6,8,8,3,10,,,4/16/2025,25000,,,393600,,,,,,,,,,
Magical Memories Enrichment Center Inc. ,Neighborhood Project,Inner City Economic Development Loan,3727 Lamar Ave,Memphis,TN,38118,35.06328047,-89.93966611,3,8,10,3,2,,,5/21/2025,15933,,,23900,,,,,,,,,,
"Cxffeeblack, LLC ",Neighborhood Project,Inner City Economic Development Loan,3386 Bowen Ave,Memphis,TN,38122,35.153384,-89.94808838,5,9,7,3,2,,,6/25/2025,25000,,,74000,,,,,,,,,,
"Dee�s, LLC d.b.a Dee�s Smokehouse ",Neighborhood Project,Inner City Economic Development Loan,582 E. Raines Rd,Memphis,TN,38109,35.03485917,-90.04490488,6,8,9,3,3,,,6/25/2025,9000,,,13500,,,,,,,,,,
"Eggxactly Breakfast & Deli, Inc. ",Neighborhood Project,Inner City Economic Development Loan,1248 Marlin Rd,Memphis,TN,38116,35.03420394,-90.02244553,3,8,9,3,2,,,6/25/2025,22000,,,33000,,,,,,,,,,
"South Memphis Grocery, LLC ",Neighborhood Project,Inner City Economic Development Loan,9 W Mallory Ave,Memphis,TN,38109,35.08658716,-90.06328608,6,8,8,3,1,,,9/17/2025,25000,,,40105,,,,,,,,,,
"EGG King Cafe, LLC ",Neighborhood Project,Inner City Economic Development Loan,4458 Elvis Presley Blvd,Memphis,TN,38116,35.02694789,-90.0251321,3,8,9,3,4,,,11/19/2025,25000,,,45000,,,,,,,,,,
"No Bluff Tire and Auto, LLC ",Neighborhood Project,Inner City Economic Development Loan,2555 Elvis Presley Blvd,Memphis,TN,38106,35.07551293,-90.0202073,6,8,10,3,2,,,11/19/2025,25000,,,40000,,,,,,,,,,
"Oteka Investments, LLC ",Neighborhood Project,Inner City Economic Development Loan,3349 winbrook drive,Memphis,TN,38116,35.0569036,-89.99764162,3,8,10,3,16,,,11/19/2025,25000,,,150000,,,,,,,,,,
